theta,mean_final_selection_prob,std_final_selection_prob,mean_hindsight_reward_per_round
0,0.01723272433075998,0.0011269326001894788,0.4444444444443692
1,0.047444846157576465,0.003389389285857895,0.5000944444444444
2,0.1372426191222924,0.009662875573427968,0.555555555555636
3,0.13349184664366842,0.007425403110586002,0.555555555555636
4,0.13160000549362627,0.011102526477744526,0.555555555555636
5,0.13139142526265968,0.008455496859356806,0.555555555555636
6,0.13529227745169914,0.007594665956691291,0.555555555555636
7,0.13245414023162688,0.011570460972124694,0.555555555555636
8,0.13385011530609076,0.034102807665526445,0.555555555555636
